Workbook

Sheet Prospects
A1: MS AGENCY — SUIVI PROSPECTS
A2: ID | B2: Date Scraping | C2: Secteur | D2: Nom Commerce | E2: Ville | F2: Téléphone | G2: Site Actuel | H2: Qualité Site | I2: Contact (Patron) | J2: Statut Appel | K2: Date Appel | L2: Mockup ? | M2: Date Mockup | N2: Statut Prospect | O2: Date Relance | P2: Offre | Q2: Montant € | R2: Notes
A3: 1 | B3: =TODAY() -> 46122 | C3: Garage | D3: Garage Moretti | E3: Lyon | F3: 06 12 34 56 78 | G3: Absent | H3: Absent | I3: Marco Moretti | J3: À appeler | L3: Non | N3: Mockup envoyé | P3: Site Vitrine 990€ | Q3: 990 | R3: Scraping Google Maps
A4: 2 | B4: =TODAY() -> 46122 | C4: Artisan | D4: Plomberie Benali | E4: Bordeaux | F4: 06 98 76 54 32 | G4: www.plomberie-benali.fr | H4: Mauvais | I4: Karim Benali | J4: À appeler | K4: =TODAY()-1 -> 46121 | L4: Oui | M4: =TODAY()-1 -> 46121 | N4: Nouveau | O4: =TODAY()+2 -> 46124 | P4: Pack Visibilité 1490€ | Q4: 1490 | R4: Site non mobile
A5: 3 | B5: =TODAY()-3 -> 46119 | C5: Auto-École | D5: Auto-École Liberté | E5: Marseille | F5: 04 91 23 45 67 | G5: Absent | H5: Absent | I5: Sophie Martin | J5: À appeler | K5: =TODAY()-2 -> 46120 | L5: Non | N5: À relancer | O5: =TODAY()+1 -> 46123 | P5: Site Vitrine 990€ | Q5: 990 | R5: Relancer mardi
A6: 4 | B6: =TODAY()-5 -> 46117 | C6: Restaurant | D6: Le Petit Palais | E6: Paris 11 | F6: 01 43 56 78 90 | G6: www.lepetitpalais.com | H6: Moyen | I6: Ahmed Diallo | J6: À appeler | K6: =TODAY()-4 -> 46118 | L6: Oui | M6: =TODAY()-3 -> 46119 | N6: Signé | O6: =TODAY()-2 -> 46120 | P6: Pack Visibilité 1490€ | Q6: 1490 | R6: Acompte 50% reçu
A7: 5 | B7: =TODAY()-7 -> 46115 | C7: Salon Beauté | D7: Beauty Queen | E7: Nice | F7: 06 77 88 99 00 | G7: Instagram only | H7: Absent | I7: Fatima Zahra | J7: À appeler | K7: =TODAY()-6 -> 46116 | L7: Non | N7: Perdu | P7: Site Vitrine 990€ | Q7: 0 | R7: Ne répond plus hf ejhzbhjfezjbfezbfyezbufbezybfezuf. Zbdbzbyfbzebjfjehznjfejfeznjfne

Sheet Dashboard
A1: MS AGENCY — DASHBOARD
A3: KPIs EN TEMPS RÉEL
A4: Total Prospects | C4: Signés | E4: CA Signé € | G4: Conversion | I4: Mockups | K4: À Relancer
A6: =COUNTA(Prospects!A3:A5000) -> 5 | C6: =COUNTIF(Prospects!N3:N5000,"Signé") -> 1 | E6: =SUMIF(Prospects!N3:N5000,"Signé",Prospects!Q3:Q5000) -> 1490 | G6: =IFERROR(COUNTIF(Prospects!N3:N5000,"Signé")/COUNTA(Prospects!A3:A5000),0) -> 0.2 | I6: =COUNTIF(Prospects!L3:L5000,"Oui") -> 2 | K6: =COUNTIF(Prospects!N3:N5000,"À relancer") -> 1
A9: PAR SECTEUR | H9: PAR STATUT
A10: Secteur | B10: Prospects | C10: Signés | D10: CA (€) | E10: Taux Conv. | F10: Mockups | H10: Statut | I10: Nombre | J10: % Total
A11: Garage | B11: =COUNTIF(Prospects!C3:C5000,"Garage") -> 1 | C11: =COUNTIFS(Prospects!C3:C5000,"Garage",Prospects!N3:N5000,"Signé") -> 0 | D11: =SUMIFS(Prospects!Q3:Q5000,Prospects!C3:C5000,"Garage",Prospects!N3:N5000,"Signé") -> 0 | E11: =IFERROR(COUNTIFS(Prospects!C3:C5000,"Garage",Prospects!N3:N5000,"Signé")/COUNTIF(Prospects!C3:C5000,"Garage"),0) -> 0 | F11: =COUNTIFS(Prospects!C3:C5000,"Garage",Prospects!L3:L5000,"Oui") -> 0 | H11: Nouveau | I11: =COUNTIF(Prospects!N3:N5000,"Nouveau") -> 1 | J11: =IFERROR(COUNTIF(Prospects!N3:N5000,"Nouveau")/COUNTA(Prospects!A3:A5000),0) -> 0.2
A12: Artisan | B12: =COUNTIF(Prospects!C3:C5000,"Artisan") -> 1 | C12: =COUNTIFS(Prospects!C3:C5000,"Artisan",Prospects!N3:N5000,"Signé") -> 0 | D12: =SUMIFS(Prospects!Q3:Q5000,Prospects!C3:C5000,"Artisan",Prospects!N3:N5000,"Signé") -> 0 | E12: =IFERROR(COUNTIFS(Prospects!C3:C5000,"Artisan",Prospects!N3:N5000,"Signé")/COUNTIF(Prospects!C3:C5000,"Artisan"),0) -> 0 | F12: =COUNTIFS(Prospects!C3:C5000,"Artisan",Prospects!L3:L5000,"Oui") -> 1 | H12: Mockup envoyé | I12: =COUNTIF(Prospects!N3:N5000,"Mockup envoyé") -> 1 | J12: =IFERROR(COUNTIF(Prospects!N3:N5000,"Mockup envoyé")/COUNTA(Prospects!A3:A5000),0) -> 0.2
A13: Auto-École | B13: =COUNTIF(Prospects!C3:C5000,"Auto-École") -> 1 | C13: =COUNTIFS(Prospects!C3:C5000,"Auto-École",Prospects!N3:N5000,"Signé") -> 0 | D13: =SUMIFS(Prospects!Q3:Q5000,Prospects!C3:C5000,"Auto-École",Prospects!N3:N5000,"Signé") -> 0 | E13: =IFERROR(COUNTIFS(Prospects!C3:C5000,"Auto-École",Prospects!N3:N5000,"Signé")/COUNTIF(Prospects!C3:C5000,"Auto-École"),0) -> 0 | F13: =COUNTIFS(Prospects!C3:C5000,"Auto-École",Prospects!L3:L5000,"Oui") -> 0 | H13: À relancer | I13: =COUNTIF(Prospects!N3:N5000,"À relancer") -> 1 | J13: =IFERROR(COUNTIF(Prospects!N3:N5000,"À relancer")/COUNTA(Prospects!A3:A5000),0) -> 0.2
A14: Restaurant | B14: =COUNTIF(Prospects!C3:C5000,"Restaurant") -> 1 | C14: =COUNTIFS(Prospects!C3:C5000,"Restaurant",Prospects!N3:N5000,"Signé") -> 1 | D14: =SUMIFS(Prospects!Q3:Q5000,Prospects!C3:C5000,"Restaurant",Prospects!N3:N5000,"Signé") -> 1490 | E14: =IFERROR(COUNTIFS(Prospects!C3:C5000,"Restaurant",Prospects!N3:N5000,"Signé")/COUNTIF(Prospects!C3:C5000,"Restaurant"),0) -> 1 | F14: =COUNTIFS(Prospects!C3:C5000,"Restaurant",Prospects!L3:L5000,"Oui") -> 1 | H14: RDV fixé | I14: =COUNTIF(Prospects!N3:N5000,"RDV fixé") -> 0 | J14: =IFERROR(COUNTIF(Prospects!N3:N5000,"RDV fixé")/COUNTA(Prospects!A3:A5000),0) -> 0
A15: Cabinet Médical | B15: =COUNTIF(Prospects!C3:C5000,"Cabinet Médical") -> 0 | C15: =COUNTIFS(Prospects!C3:C5000,"Cabinet Médical",Prospects!N3:N5000,"Signé") -> 0 | D15: =SUMIFS(Prospects!Q3:Q5000,Prospects!C3:C5000,"Cabinet Médical",Prospects!N3:N5000,"Signé") -> 0 | E15: =IFERROR(COUNTIFS(Prospects!C3:C5000,"Cabinet Médical",Prospects!N3:N5000,"Signé")/COUNTIF(Prospects!C3:C5000,"Cabinet Médical"),0) -> 0 | F15: =COUNTIFS(Prospects!C3:C5000,"Cabinet Médical",Prospects!L3:L5000,"Oui") -> 0 | H15: Négociation | I15: =COUNTIF(Prospects!N3:N5000,"Négociation") -> 0 | J15: =IFERROR(COUNTIF(Prospects!N3:N5000,"Négociation")/COUNTA(Prospects!A3:A5000),0) -> 0
A16: Salon Beauté | B16: =COUNTIF(Prospects!C3:C5000,"Salon Beauté") -> 1 | C16: =COUNTIFS(Prospects!C3:C5000,"Salon Beauté",Prospects!N3:N5000,"Signé") -> 0 | D16: =SUMIFS(Prospects!Q3:Q5000,Prospects!C3:C5000,"Salon Beauté",Prospects!N3:N5000,"Signé") -> 0 | E16: =IFERROR(COUNTIFS(Prospects!C3:C5000,"Salon Beauté",Prospects!N3:N5000,"Signé")/COUNTIF(Prospects!C3:C5000,"Salon Beauté"),0) -> 0 | F16: =COUNTIFS(Prospects!C3:C5000,"Salon Beauté",Prospects!L3:L5000,"Oui") -> 0 | H16: Signé | I16: =COUNTIF(Prospects!N3:N5000,"Signé") -> 1 | J16: =IFERROR(COUNTIF(Prospects!N3:N5000,"Signé")/COUNTA(Prospects!A3:A5000),0) -> 0.2
A17: Autre | B17: =COUNTIF(Prospects!C3:C5000,"Autre") -> 0 | C17: =COUNTIFS(Prospects!C3:C5000,"Autre",Prospects!N3:N5000,"Signé") -> 0 | D17: =SUMIFS(Prospects!Q3:Q5000,Prospects!C3:C5000,"Autre",Prospects!N3:N5000,"Signé") -> 0 | E17: =IFERROR(COUNTIFS(Prospects!C3:C5000,"Autre",Prospects!N3:N5000,"Signé")/COUNTIF(Prospects!C3:C5000,"Autre"),0) -> 0 | F17: =COUNTIFS(Prospects!C3:C5000,"Autre",Prospects!L3:L5000,"Oui") -> 0 | H17: Perdu | I17: =COUNTIF(Prospects!N3:N5000,"Perdu") -> 1 | J17: =IFERROR(COUNTIF(Prospects!N3:N5000,"Perdu")/COUNTA(Prospects!A3:A5000),0) -> 0.2

Sheet Guide
A1: GUIDE D'UTILISATION MS AGENCY TRACKER
A3: COMMENT UTILISER
A4: 1. Scraping Apify | B4: Lance Apify → copie dans l'onglet Prospects les colonnes : Secteur, Nom, Ville, Téléphone, Site
A5: 2. Qualification | B5: Simohamed vérifie chaque ligne → note Qualité Site → priorité aux 'Absent'
A6: 3. Appel | B6: Simohamed appelle → met à jour Statut Appel + Date Appel
A7: 4. Mockup | B7: Si intérêt → tu crées le mockup → mettre 'Oui' + date dans les colonnes Mockup
A8: 5. Closing | B8: Client signe → Statut Prospect = 'Signé' → Dashboard se met à jour automatiquement
A9: 6. Relances | B9: Filtrer sur 'À relancer' → rappeler dans les 48h maximum
A10: STATUTS EXPLIQUÉS
A11: Nouveau | B11: Scrappé, pas encore contacté
A12: Mockup envoyé | B12: Intérêt confirmé, mockup transmis par lien
A13: À relancer | B13: Contact établi, pas de décision → relancer sous 48h
A14: RDV fixé | B14: Rendez-vous physique ou appel vidéo programmé
A15: Négociation | B15: En cours de closing, discussion prix/offre
A16: Signé | B16: Contrat signé + acompte 50% reçu → lancer la production
A17: Perdu | B17: Refus définitif → ne pas relancer avant 3 mois
A18: RÈGLES IMPORTANTES
A19: Qualifier avant appel | B19: Ne jamais appeler sans avoir vérifié que le site est absent ou nul
A20: Fiche avant mockup | B20: Remplir les 7 variables client avant de demander un mockup
A21: Relance J+1 | B21: Tout prospect intéressé sans réponse = relancer le lendemain matin
A22: Max 3 relances | B22: Après 3 tentatives sans réponse → Perdu
A23: GRILLE TARIFAIRE
A24: Site Vitrine 990€ | B24: 5 pages, mobile, SEO local, formulaire, Maps, SSL, hébergement 1 an, livraison 48h
A25: Pack Visibilité 1490€ | B25: Site vitrine + Google My Business optimisé + 5 fiches annuaires
A26: Maintenance 50€/mois | B26: Domaine, sécurité, mises à jour, modifications incluses, support 24h
